create_date;link;id;name;regular_price;promotional_price;brand
2024-10-16T23:08:23Z;https://online.metro-cc.ru/products/kofe-coffesso-mokka-molotyy-250kg;249896;Кофе Coffesso Mokka в зернах, 1кг;1419;1190;COFFESSO
2024-10-16T23:08:26Z;https://online.metro-cc.ru/products/zhokej-tradicionnyj-900g;544095;Кофе Жокей Традиционный в зернах, 900г;;1049;ЖОКЕЙ
2024-10-16T23:08:28Z;https://online.metro-cc.ru/products/192g-kofe-v-kaps-rioba-dolce-gusto-cappuccino;133439;RIOBA Кофе в капсулах Dolce Gusto Capuccino 8 порций 16 капсул, 192г;509;399;RIOBA
2024-10-16T23:08:31Z;https://online.metro-cc.ru/products/kofe-monarch-milligrano-rastvorimyy-s-molotym-90g;230304;Кофе Monarch Milligrano растворимый с молотым, 90г;399;319;MONARCH
2024-10-16T23:08:34Z;https://online.metro-cc.ru/products/kofe-zhivoy-kofe-arabika-zernovoy-800g;246090;Кофе Живой кофе арабика зерновой, 800г;2099;1099;ЖИВОЙ КОФЕ
2024-10-16T23:08:42Z;https://online.metro-cc.ru/products/kofe-alta-roma-blend-5-1kg;246068;Кофе Alta Roma Blend №5, 1кг;1499;1399;ALTA ROMA
2024-10-16T23:08:44Z;https://online.metro-cc.ru/products/egoiste-double-espresso-70g;130173;Кофе Egoiste Double Espresso растворимый, 70г;539;209;EGOISTE
2024-10-16T23:08:47Z;https://online.metro-cc.ru/products/20g-napitok-kofeynyy-maccoffee-3v1-rastvorimyy-254690;254690;Напиток кофейный MacCoffee 3в1 растворимый, 20г;17;14;MACCOFFEE
2024-10-16T23:08:49Z;https://online.metro-cc.ru/products/1kg-kofe-jardin-original-oro-zernovoy;215682;Кофе Jardin Oro в зернах, 1кг;2089;1339;JARDIN
2024-10-16T23:08:54Z;https://online.metro-cc.ru/products/1kg-kofe-poetti-leggenda-original-v-zernah;218712;Кофе Poetti Leggenda Original в зернах, 1кг;2599;1399;POETTI
2024-10-16T23:08:56Z;https://online.metro-cc.ru/products/lor-espresso-delizioso-52-g;637206;Кофе в капсулах L’or Espresso Delizioso для кофемашин Nespresso 10шт, 52г;399;379;L'OR
2024-10-16T23:09:00Z;https://online.metro-cc.ru/products/95g-kofe-monarch-lesnoy-oreh-rastvorimyy-st;224736;Кофе Monarch Лесной орех растворимый, 95г;419;399;MONARCH
2024-10-16T23:09:05Z;https://online.metro-cc.ru/products/kofe-monarch-gold-rastvorimyy-500g;243439;Кофе Monarch Gold растворимый, 500г;1769;1349;MONARCH
2024-10-16T23:09:10Z;https://online.metro-cc.ru/products/5shth10g-kofe-coffesso-ethiopia-origin-molotyy-drip-paket;241738;Кофе Coffesso Ethiopia Origin 5 дрип-пакетов с молотым кофе, 50г;237;199;COFFESSO
2024-10-16T23:09:15Z;https://online.metro-cc.ru/products/100g-kofe-lebo-prints-lebo-molotyy-dturki;226339;Кофе Lebo Принц Лебо молотый для турки, 100г;179;149;LEBO
2024-10-16T23:09:18Z;https://online.metro-cc.ru/products/kofe-zhivoy-kofe-kapuchino-12-kapsul-138g;245943;Кофе Живой кофе Капучино 12 капсул, 138г;609;389;ЖИВОЙ КОФЕ
2024-10-16T23:09:21Z;https://online.metro-cc.ru/products/250g-kofe-poetti-leggenda-original-v-zernah;218711;Кофе Poetti Leggenda Original в зернах, 250г;469;389;POETTI
2024-10-16T23:09:23Z;https://online.metro-cc.ru/products/kofe-fresco-guatemala-v-zernah-900g;249898;Кофе Fresco Guatemala в зернах, 900г;1649;1319;FRESCO
2024-10-16T23:09:26Z;https://online.metro-cc.ru/products/192g-kofe-v-kaps-rioba-dolce-gusto-latte-macc;133441;RIOBA Кофе в капсулах Dolce Gusto Latte Macciato 8 порций 16 капсул, 192г;509;399;RIOBA
2024-10-16T23:09:28Z;https://online.metro-cc.ru/products/kofe-monarch-original-rastvorimyy-75g;238552;Кофе Monarch Original растворимый, 75г;;289;MONARCH
2024-10-16T23:09:31Z;https://online.metro-cc.ru/products/40shth55g-kofe-lebo-espresso-italiano-banka;221910;Кофе в капсулах Lebo Espresso Italiano для кофемашин Nespresso 40шт, 220г;1719;1299;LEBO
2024-10-16T23:09:33Z;https://online.metro-cc.ru/products/kofe-illy-bez-kofeina-zernovoy-250g;230024;Кофе Illy без кофеина в зернах, 250г;1679;1099;ILLY
2024-10-16T23:09:37Z;https://online.metro-cc.ru/products/nescafe-classic-naturalnyj-st-b-95g;70210;Кофе Нескафе Классик растворимый, 95г;263;229;НЕСКАФЕ
2024-10-16T23:09:39Z;https://online.metro-cc.ru/products/20x145g-kofejnyj-napitok-nescafe-3v1-klassik;133724;Напиток кофейный Нескафе Классик 3в1 20 пакетиков, 290г;298;269;НЕСКАФЕ
2024-10-16T23:09:42Z;https://online.metro-cc.ru/products/rioba-dlya-kofemashin-armonioso-10x5g;530965;RIOBA Кофе в капсулах Armonioso для кофемашин Nespresso 11шт, 55г;273;229;RIOBA
2024-10-16T23:09:44Z;https://online.metro-cc.ru/products/kofe-zhokey-klassicheskiy-3v1-rastvorimyy-12g-x-50sht-600g;234805;Кофе Жокей классический 3в1 растворимый (12г x 50шт), 600г;629;449;ЖОКЕЙ
2024-10-16T23:09:48Z;https://online.metro-cc.ru/products/jardin-kenya-kilimanjaro-95-g;469367;Кофе Jardin Kenya Kilimanjaro растворимый, 95г;319;269;JARDIN
2024-10-16T23:09:51Z;https://online.metro-cc.ru/products/10h5g-jardin-vivo;119137;Кофе в капсулах Jardin Vivo Mild&Fruity для кофемашин Nespresso 10шт, 50г;299;259;JARDIN
2024-10-16T23:09:54Z;https://online.metro-cc.ru/products/95g-kofe-monarch-original-rastvorimyy-st;224709;Кофе Monarch Original растворимый, 95г;389;339;MONARCH
2024-10-16T23:09:58Z;https://online.metro-cc.ru/products/250g-kofe-jardin-original-oro-molotyy;228230;Кофе Jardin Original Oro молотый, 250г;449;399;JARDIN
2024-10-16T23:10:04Z;https://online.metro-cc.ru/products/75g-kofe-jardin-gvatemala-atitlan-rastvorimyy;228238;Кофе Jardin Гватемала Атитлан растворимый, 75г;329;199;JARDIN
2024-10-16T23:10:07Z;https://online.metro-cc.ru/products/kofe-vergnano-mokka-arabika-molotyy-250g;245944;Кофе Vergnano Мокка арабика молотый, 250г;1499;1099;VERGNANO
2024-10-16T23:10:10Z;https://online.metro-cc.ru/products/kofe-alta-roma-espresso-v-zernakh-1kg;365548;Кофе Alta Roma Espresso в зернах, 1кг;1469;1099;ALTA ROMA
2024-10-16T23:10:12Z;https://online.metro-cc.ru/products/v-zernah-julius-meinl-krema-intenso-trend-kollekciya-1000g;654820;Кофе Julius Meinl Caffe Crema Intenso Trend Collection в зернах, 1кг;1889;1399;JULIUS MEINL
2024-10-16T23:10:15Z;https://online.metro-cc.ru/products/1kg-kofe-alta-roma-rwanda-zernovoy;246069;Кофе Alta Roma Rwanda зерновой, 1кг;2949;1999;ALTA ROMA
2024-10-16T23:10:20Z;https://online.metro-cc.ru/products/rioba-kofe-v-kapsulah-dolce-gusto-latte-macciato-8-portsiy-16-kapsul-192g-h-3-sht;243175;RIOBA Кофе в капсулах Dolce Gusto Latte Macciato 8 порций 16 капсул, 192г х 3 шт;;1527;RIOBA
2024-10-16T23:10:25Z;https://online.metro-cc.ru/products/nescafe-s-dobavleniem-naturalnogo-zharenogo-molotogo-gold-750g;642122;Кофе Нескафе Голд растворимый сублимированный с добавлением натурального жареного молотого кофе, 750г;2399;1799;НЕСКАФЕ
2024-10-16T23:10:27Z;https://online.metro-cc.ru/products/rioba-kofe-v-kapsulah-dolce-gusto-americano-16sht-112g-h-3-sht;243165;RIOBA Кофе в капсулах Dolce Gusto Americano 16шт, 112г х 3 шт;;1527;RIOBA
2024-10-16T23:10:31Z;https://online.metro-cc.ru/products/bushido-red-1000g;36574;Кофе Bushido Red Katana в зернах, 1кг;2399;1899;BUSHIDO
2024-10-16T23:10:34Z;https://online.metro-cc.ru/products/nescafe-gold-rastvorimyj-sublimirovannyj-750g;29181;Кофе Нескафе Голд растворимый сублимированный с добавлением натурального жареного молотого кофе, 750г x 6 шт;14394;11394;НЕСКАФЕ
2024-10-16T23:10:36Z;https://online.metro-cc.ru/products/art-619918;619918;Кофе Нескафе Голд Бариста растворимый сублимированный с добавлением натурального молотого кофе, 400г;1879;1199;НЕСКАФЕ
2024-10-16T23:10:39Z;https://online.metro-cc.ru/products/1kg-kofe-egoiste-voyage-v-zernah;228291;Кофе Egoiste Voyage в зернах, 1кг;2399;1699;EGOISTE
2024-10-16T23:10:43Z;https://online.metro-cc.ru/products/kofe-vergnano-espresso-arabika-molotyy-250g;245945;Кофе Vergnano Эспрессо арабика молотый, 250г;1499;1099;VERGNANO
2024-10-16T23:10:45Z;https://online.metro-cc.ru/products/kofe-fresco-arabica-solo-molotyy-dlya-chashek-i-turok-250g;227974;Кофе Fresco Arabica solo молотый для чашек и турок, 250г;399;349;FRESCO
2024-10-16T23:10:48Z;https://online.metro-cc.ru/products/kofe-poetti-soul-of-havana-naturalnyy-zharenyy-v-zernah-800g;257964;Кофе Poetti Soul of Havana натуральный жареный в зернах, 800г;1759;1299;POETTI
2024-10-16T23:10:52Z;https://online.metro-cc.ru/products/50shth20g-napitok-kofeynyy-maccoffee-3v1-sgusch-mol-portsionnyy;253072;Напиток кофейный MacCoffee со сгущенным молоком 3в1 порционный (20г x 50шт), 1кг;879;739;MACCOFFEE
2024-10-16T23:10:54Z;https://online.metro-cc.ru/products/1kg-kofe-coffesso-crema-zerno;241735;Кофе Coffesso Crema зерновой, 1кг;1539;1199;COFFESSO
2024-10-16T23:10:57Z;https://online.metro-cc.ru/products/75g-kofe-jardin-kolumbiya-medellin-rastvorimyy;228239;Кофе Jardin Колумбия Меделлин растворимый, 75г;329;199;JARDIN
2024-10-16T23:10:59Z;https://online.metro-cc.ru/products/egoiste-sublimirovannyj-very-special-100g;590985;Кофе Egoiste Very Special растворимый сублимированный, 100г;1269;749;EGOISTE
2024-10-16T23:11:05Z;https://online.metro-cc.ru/products/900g-kofe-fresco-liberty-zerno;228781;Кофе Fresco Liberty в зернах, 900г;1799;1199;FRESCO
2024-10-16T23:11:08Z;https://online.metro-cc.ru/products/julius-meinl-espresso-krema-10sht;100815;Кофе в капсулах Julius Meinl Espresso Crema Bio для кофемашин Nespresso 10шт, 56г;689;449;JULIUS MEINL
2024-10-16T23:11:10Z;https://online.metro-cc.ru/products/kofe-egoiste-truffle-rastvorimyy-sublimirovannyy-95g;228295;Кофе Egoiste Truffle растворимый сублимированный, 95г;1049;699;EGOISTE
2024-10-16T23:11:13Z;https://online.metro-cc.ru/products/egoiste-espresso-1000g;44332;Кофе Egoiste Espresso в зернах, 1кг;2489;1699;EGOISTE
2024-10-16T23:11:17Z;https://online.metro-cc.ru/products/bushido-sublimirovannyj-original-100g;407889;Кофе Bushido Original растворимый, 100г;769;699;BUSHIDO
2024-10-16T23:11:19Z;https://online.metro-cc.ru/products/kofe-zernovoj-bushido-black-katana-1000g;110546;Кофе Bushido Black Katana в зернах, 1кг;2849;1899;BUSHIDO
2024-10-16T23:11:22Z;https://online.metro-cc.ru/products/jardin-guatemala-atitlan-naturalnyj-95-g;469363;Кофе Jardin Guatemala Atitlan натуральный растворимый, 95г;319;269;JARDIN
2024-10-16T23:11:24Z;https://online.metro-cc.ru/products/art-260443;260443;Кофе Carte Noire Instinct растворимый, 95г;849;499;CARTE NOIRE
2024-10-16T23:11:27Z;https://online.metro-cc.ru/products/yubilejnyj-julius-meinl-1000g;104610;Кофе Julius Meinl Юбилейный классическая коллекция в зернах, 1кг;1689;1599;JULIUS MEINL
2024-10-16T23:11:31Z;https://online.metro-cc.ru/products/1kg-kofe-alta-roma-papua-new-guinea-zerno;259876;Кофе Alta Roma Papua New Guinea зерновой, 1кг;2649;1899;ALTA ROMA
2024-10-16T23:11:35Z;https://online.metro-cc.ru/products/250g-jardin-kolumbiya-supremo-mol;119134;Кофе Jardin Columbia Supremo молотый, 250г;469;399;JARDIN
2024-10-16T23:11:38Z;https://online.metro-cc.ru/products/10shth52g-kofe-carte-noire-lungo-profond-v-kapsulah;226335;Кофе в капсулах Carte Noire Lungo Profond для кофемашин Nespresso 10шт, 52г;499;399;CARTE NOIRE
2024-10-16T23:11:41Z;https://online.metro-cc.ru/products/kofe-verle-classic-solid-v-kapsulah-55g-x-10sht-55g;228436;Кофе в капсулах Verle Classic Solid для кофемашин Nespresso 10шт, 55г;;349;VERLE
2024-10-16T23:11:44Z;https://online.metro-cc.ru/products/1kg-kofe-poetti-leggenda-ruby-v-zernah;218714;Кофе Poetti Leggenda Ruby в зернах, 1кг;2599;1399;POETTI
2024-10-16T23:11:46Z;https://online.metro-cc.ru/products/900g-nescafe-classic;123742;Кофе Нескафе Классик растворимый, 900г;1429;1299;НЕСКАФЕ
2024-10-16T23:11:49Z;https://online.metro-cc.ru/products/art-553579;553579;Кофе Egoiste Espresso натуральный молотый жареный, 250г;509;469;EGOISTE
2024-10-16T23:11:51Z;https://online.metro-cc.ru/products/kofe-fresco-uganda-v-zernah-900g;249897;Кофе Fresco Uganda в зернах, 900г;1649;1319;FRESCO
2024-10-16T23:11:54Z;https://online.metro-cc.ru/products/40shth55g-kofe-lebo-espresso-milky-banka;221911;Кофе в капсулах Lebo Espresso Milky для кофемашин Nespresso 40шт, 220г;1619;1299;LEBO
2024-10-16T23:11:57Z;https://online.metro-cc.ru/products/1kg-kofe-italco-espresso-alpino-espresso-classic-zerno;257435;Кофе Italco Espresso Alpino Espresso Classic зерновой, 1кг;2849;2199;ITALCO
2024-10-16T23:12:00Z;https://online.metro-cc.ru/products/1kg-kofe-lebo-extra-v-zernah;226340;Кофе Lebo Extra в зернах, 1кг;1799;1499;LEBO
2024-10-16T23:12:06Z;https://online.metro-cc.ru/products/jardin-v-zernah-naturalnyj-zharenyj-espresso-di-milano-1kg;633254;Кофе Jardin Эспрессо ди Милано в зернах, 1кг;1879;1199;JARDIN
2024-10-16T23:12:09Z;https://online.metro-cc.ru/products/carte-noire-sublimirovannyj-original-150g;426450;Кофе Carte Noire Original растворимый сублимированный, 150г;1199;849;CARTE NOIRE
2024-10-16T23:12:11Z;https://online.metro-cc.ru/products/190g-kofe-nescafe-classic-rastvorimyy-stekl-banka;218638;Кофе Нескафе Классик растворимый, 190г;469;389;НЕСКАФЕ
2024-10-16T23:12:14Z;https://online.metro-cc.ru/products/10shtx55g-kofe-carraro-v-alyum-kapsulah-dolci-arabica;221902;Кофе в капсулах Carraro Dolci arabica для кофемашин Nespresso 10шт, 55г;729;419;CARRARO
2024-10-16T23:12:17Z;https://online.metro-cc.ru/products/jardin-eclair-1000g;101497;Кофе Jardin Eclair в зернах, 1кг;2119;1199;JARDIN
2024-10-16T23:12:19Z;https://online.metro-cc.ru/products/kimbo-espresso-v-zernah-1-kg;629006;Кофе Kimbo Espresso в зернах, 1кг;2089;1799;KIMBO
2024-10-16T23:12:21Z;https://online.metro-cc.ru/products/jardin-naturalnyj-sublimirovannyj-colombia-medellin-95g;469362;Кофе Jardin Colombia Medellin натуральный растворимый сублимированный, 95г;319;269;JARDIN
2024-10-16T23:12:24Z;https://online.metro-cc.ru/products/95g-kofe-zhokey-gold-rastvorimyy-stb;228242;Кофе Жокей Gold растворимый, 95г;409;259;ЖОКЕЙ
2024-10-16T23:12:27Z;https://online.metro-cc.ru/products/l-rsquoor-lungo-profondo-52-g;637203;Кофе в капсулах L’or Espresso Lungo Profondo для кофемашин Nespresso 10шт, 52г;399;379;L'OR
2024-10-16T23:12:29Z;https://online.metro-cc.ru/products/kofe-egoiste-captain-zernovoy-250g;246512;Кофе Egoiste Captain зерновой, 250г;1049;469;EGOISTE
2024-10-16T23:12:32Z;https://online.metro-cc.ru/products/kofe-miscela-doro-espresso-intenso-v-zernah-1kg;235419;Кофе Miscela D'Oro Espresso Intenso в зернах, 1кг;1499;1399;MISCELA D'ORO
2024-10-16T23:12:34Z;https://online.metro-cc.ru/products/50h5g-coffesso-nabor;117387;Набор кофе в капсулах Coffesso для кофемашин Nespresso ассорти 50шт, 250г x 6 шт;10074;5994;COFFESSO
2024-10-16T23:12:37Z;https://online.metro-cc.ru/products/ambassador-blue-label-zernovoj-1000-g;665877;Кофе Ambassador Blue Label в зернах, 1кг;1949;999;AMBASSADOR
2024-10-16T23:12:39Z;https://online.metro-cc.ru/products/kofe-kaffa-fresco-narino-rastvorimyy-sublimirovannyy-100g;249901;Кофе Kaffa Fresco Narino растворимый сублимированный, 100г;1529;999;FRESCO
2024-10-16T23:12:41Z;https://online.metro-cc.ru/products/20g-napitok-kofeynyy-maccoffee-3v1-rastvorimyy-254706;254706;Напиток кофейный MacCoffee 3в1 растворимый, 20г x 100 шт;;1759;MACCOFFEE
2024-10-16T23:12:44Z;https://online.metro-cc.ru/products/kimbo-intenso-1kg;629008;Кофе Kimbo Intenso в зернах, 1кг;2089;1499;KIMBO
2024-10-16T23:12:46Z;https://online.metro-cc.ru/products/50shth12g-kofe-zhokey-krepkiy-3v1-rastvorimyy;232416;Кофе Жокей крепкий растворимый 3в1 (12г x 50шт), 600г;629;449;ЖОКЕЙ
2024-10-16T23:12:50Z;https://online.metro-cc.ru/products/kofe-coffesso-crema-molotyy-250g;249893;Кофе Coffesso Crema молотый, 250г;369;299;COFFESSO
2024-10-16T23:12:52Z;https://online.metro-cc.ru/products/kofe-miscela-doro-espresso-gusto-classico-v-zernah-1kg;235415;Кофе Miscela D'Oro Espresso Gusto Classico в зернах, 1кг;2649;2299;MISCELA D'ORO
2024-10-16T23:12:55Z;https://online.metro-cc.ru/products/1kg-kofe-poetti-daily-classic-crema-v-zernah;218719;Кофе Poetti Daily Classic Crema в зернах, 1кг;1669;1149;POETTI
2024-10-16T23:12:57Z;https://online.metro-cc.ru/products/20shtx30g-kofe-torabica-creamy-latte-rastvorimyy;231689;Кофе Torabika Creamy Latte растворимый (30г x 20шт), 600г;369;339;TORABIKA
2024-10-16T23:13:00Z;https://online.metro-cc.ru/products/chernaya-karta-paketirovannyj-1kg;505974;Кофе Черная Карта в зернах, 1кг;1319;999;ЧЕРНАЯ КАРТА
2024-10-16T23:13:06Z;https://online.metro-cc.ru/products/150g-zhokej-irlandskie-slivki-mol;119132;Кофе Жокей Ирландские сливки молотый, 150г;339;229;ЖОКЕЙ
2024-10-16T23:13:08Z;https://online.metro-cc.ru/products/kofe-fresco-espresso-italiano-zernovoy-900g;245277;Кофе Fresco Espresso Italiano зерновой, 900г;1899;1199;FRESCO
2024-10-16T23:13:13Z;https://online.metro-cc.ru/products/v-zernah-illy-temnaya-obzharka-250g;611604;Кофе Illy темная обжарка в зернах, 250г;1649;1099;ILLY
2024-10-16T23:13:16Z;https://online.metro-cc.ru/products/kofe-coffesso-mokka-molotyy-250g;249895;Кофе Coffesso Mokka молотый, 250г;369;299;COFFESSO
2024-10-16T23:13:19Z;https://online.metro-cc.ru/products/aro-3v1-klassik-100h16g;632162;aro Кофе 3в1 классик (100 пакетиков x 16г), 1.6кг;;759;ARO
2024-10-16T23:13:22Z;https://online.metro-cc.ru/products/zhokej-sublimirovannyj-triumf-150g;459852;Кофе Жокей Триумф растворимый сублимированный, 150г;359;329;ЖОКЕЙ
2024-10-16T23:13:27Z;https://online.metro-cc.ru/products/6shth11g-kofe-verle-central-america-v-drip-paketah;228419;Кофе Verle Central America 6 дрип-пакетов с молотым кофе, 66г;;399;VERLE
2024-10-16T23:13:29Z;https://online.metro-cc.ru/products/kofe-monarch-crema-rastvorimyy-95g;230301;Кофе Monarch Crema растворимый, 95г;419;369;MONARCH
2024-10-16T23:13:32Z;https://online.metro-cc.ru/products/jardin-sublimirovannyj-colombia-medelin-150g;459849;Кофе Jardin Colombia Medelin растворимый сублимированный, 150г;669;369;JARDIN
2024-10-16T23:13:35Z;https://online.metro-cc.ru/products/250g-kofe-egoiste-truffle-molotyy;228292;Кофе Egoiste Truffle молотый, 250г;719;429;EGOISTE
2024-10-16T23:13:38Z;https://online.metro-cc.ru/products/8shth65g8shth15g-kofe-lebo-latte-macchiato-v-kapsulah;226346;Кофе в капсулах Lebo Latte macchiato для кофемашин Dolce Gusto 16шт, 172г;1019;599;LEBO
2024-10-16T23:13:40Z;https://online.metro-cc.ru/products/kofe-monarch-miligrano-rastvorimyy-s-molotym-70g;238558;Кофе Monarch Miligrano растворимый с молотым, 70г;329;309;MONARCH
2024-10-16T23:14:00Z;https://online.metro-cc.ru/products/art-624061;624061;Кофе Жокей классический в зернах, 900г;;1299;ЖОКЕЙ
2024-10-16T23:14:06Z;https://online.metro-cc.ru/products/320g-nescafe-classic-paket;124058;Кофе Нескафе Классик растворимый, 320г;649;549;НЕСКАФЕ
2024-10-16T23:14:09Z;https://online.metro-cc.ru/products/1kg-kofe-egoiste-captain-v-zernah;228285;Кофе Egoiste Captain в зернах, 1кг;2419;1699;EGOISTE
2024-10-16T23:14:15Z;https://online.metro-cc.ru/products/190g-kofe-jardin-gold-rastvorimyy-stb;228235;Кофе Jardin Gold растворимый, 190г;769;499;JARDIN
2024-10-16T23:14:17Z;https://online.metro-cc.ru/products/rioba-dlya-kofemashin-cremoso-11x5g;530966;RIOBA Кофе в капсулах Cremoso для кофемашин Nespresso 11шт, 55г;273;229;RIOBA
2024-10-16T23:14:20Z;https://online.metro-cc.ru/products/rioba-v-zernah-naturalnyj-zharenyj-gold-1kg;287769;RIOBA Кофе в зернах натуральный жареный 80:20, 1кг;1639;1499;RIOBA
2024-10-16T23:14:23Z;https://online.metro-cc.ru/products/kofe-v-kapsulah-coffesso-espresso-superiore-dlya-kofemashin-nespresso-10sht-50g;249931;Кофе в капсулах Coffesso Espresso Superiore для кофемашин Nespresso 10шт, 50г;529;249;COFFESSO
2024-10-16T23:14:26Z;https://online.metro-cc.ru/products/240g-kofe-jardin-colombia-medellin-rastvorimyy;232417;Кофе Jardin Colombia Medellin растворимый, 240г;989;599;JARDIN
2024-10-16T23:14:29Z;https://online.metro-cc.ru/products/8shth6g8shth15g-kofe-absolut-latte-karamel-kapsuly-dg;223118;Кофе в капсулах Absolut Drive Latte Macchiato with caramel для кофемашин Dolce Gusto 16шт, 168г;499;469;ABSOLUT
2024-10-16T23:14:36Z;https://online.metro-cc.ru/products/kofe-nescafe-gold-aroma-intens-rastvorimyj-poroshkoobraznyj-85-g;99542;Кофе Нескафе Голд Арома Интенсо растворимый, 85г;539;289;НЕСКАФЕ
2024-10-16T23:14:41Z;https://online.metro-cc.ru/products/lavazza-naturalnyj-zharenyj-oro-250g;32456;Кофе Lavazza Qualita Oro молотый, 250г;639;599;LAVAZZA
2024-10-16T23:14:44Z;https://online.metro-cc.ru/products/1kg-kofe-lebo-gold-v-zernah;226342;Кофе Lebo Gold в зернах, 1кг;2569;1499;LEBO
2024-10-16T23:14:46Z;https://online.metro-cc.ru/products/rioba-kofe-v-kapsulah-dolce-gusto-capuccino-8-portsiy-16-kapsul-192g-h-3-sht;243174;RIOBA Кофе в капсулах Dolce Gusto Capuccino 8 порций 16 капсул, 192г х 3 шт;;1527;RIOBA
2024-10-16T23:14:49Z;https://online.metro-cc.ru/products/kofe-monarch-original-rastvorimyy-270g;230305;Кофе Monarch Original растворимый, 270г;1069;849;MONARCH
2024-10-16T23:14:52Z;https://online.metro-cc.ru/products/rioba-dolce-gusto-espresso-16sht;8486;RIOBA Кофе в капсулах Dolce Gusto Espresso 16шт, 112г;509;409;RIOBA
2024-10-16T23:14:56Z;https://online.metro-cc.ru/products/kofe-nescafe-gold-rastvorimiy-sublimirovanniy-s-dobavleniem-naturalnogo-zharenogo-molotogo-kofe-900g;122743;Кофе Нескафе Голд растворимый сублимированный с добавлением натурального жареного молотого кофе, 900г;2179;1899;НЕСКАФЕ
2024-10-16T23:14:58Z;https://online.metro-cc.ru/products/ambassador-platinum-190g;463833;Кофе Ambassador Platinum растворимый, 190г;699;499;AMBASSADOR
2024-10-16T23:15:04Z;https://online.metro-cc.ru/products/20shtx255g-kofe-torabica-kapuchino-rastvorimyy;231688;Кофе Torabika Cappucсino растворимый (25.5г x 20шт), 510г;369;339;TORABIKA
2024-10-16T23:15:08Z;https://online.metro-cc.ru/products/kofe-coffesso-massimo-molotyy-250g;249892;Кофе Coffesso Massimo молотый, 250г;469;399;COFFESSO
2024-10-16T23:15:11Z;https://online.metro-cc.ru/products/nescafe-gold-steklo-95g-415027;415027;Кофе Нескафе Голд растворимый, 95г;329;299;НЕСКАФЕ
2024-10-16T23:15:14Z;https://online.metro-cc.ru/products/1kg-kofe-alta-roma-arabica-classico-zerno;259874;Кофе Alta Roma Classico зерновой, 1кг;2149;1499;ALTA ROMA
2024-10-16T23:15:16Z;https://online.metro-cc.ru/products/rioba-dlya-kofemashin-intenso-11x5g-120484;120484;RIOBA Кофе в капсулах Intenso для кофемашин Nespresso 11шт, 55г x 10 шт;;2730;RIOBA
2024-10-16T23:15:21Z;https://online.metro-cc.ru/products/nescafe-gold-190g;433965;Кофе Нескафе Голд растворимый, 190г;699;499;НЕСКАФЕ
2024-10-16T23:15:24Z;https://online.metro-cc.ru/products/8shth8g8shth16g-kofe-coffesso-sappuccino-crema-kapsuly;241844;Кофе в капсулах Coffesso Capuccino Crema для кофемашин Dolce Gusto 16шт, 192г;619;499;COFFESSO
2024-10-16T23:15:27Z;https://online.metro-cc.ru/products/v-zernah-carraro-primo-mattino-1-kg;107074;Кофе Carraro Primo Mattino в зернах, 1кг;2099;1799;CARRARO
2024-10-16T23:15:32Z;https://online.metro-cc.ru/products/255g-nap-kofeynyy-maccoffee-cappuccino-di-torino-3v1-rastv-254708;254708;Напиток кофейный MacCoffee Cappuccino Di Torino 3в1 растворимый, 25.5г;29;22;MACCOFFEE
2024-10-16T23:15:34Z;https://online.metro-cc.ru/products/jardin-naturalnyj-zharenyj-espresso-di-milano-250g;533474;Кофе Jardin Espresso di Milano натуральный молотый жареный, 250г;409;339;JARDIN
2024-10-16T23:15:41Z;https://online.metro-cc.ru/products/1kg-kofe-poetti-leggenda-oro-v-zernah;218716;Кофе Poetti Leggenda Oro в зернах, 1кг;2599;1399;POETTI
2024-10-16T23:15:43Z;https://online.metro-cc.ru/products/kofe-monarch-lungo-6-classico-molotyy-v-kapsulah-52g-x-10sht-52g;255724;Кофе Monarch Lungo 6 Classico молотый в капсулах (5.2г x 10шт), 52г;389;289;MONARCH
2024-10-16T23:15:46Z;https://online.metro-cc.ru/products/v-zernah-carraro-qualita-oro-500-g;112991;Кофе Carraro Qualita Oro в зернах, 500г;1299;1199;CARRARO
2024-10-16T23:15:48Z;https://online.metro-cc.ru/products/kimbo-extra-cream-v-zernah-1-kg;376494;Кофе Kimbo Extra Cream в зернах, 1кг;2199;1699;KIMBO
2024-10-16T23:15:52Z;https://online.metro-cc.ru/products/1kg-kofe-coferium-gold-selection-v-zernah;219193;Кофе Coferium Gold selection в зернах, 1кг;2099;1299;COFERIUM
2024-10-16T23:15:54Z;https://online.metro-cc.ru/products/egoiste-v-zernah-naturalnyj-zharenyj-arabica-premium-1kg;580564;Кофе Egoiste Arabica Premium натуральный жареный в зернах, 1кг;2299;1599;EGOISTE
2024-10-16T23:15:57Z;https://online.metro-cc.ru/products/bushido-sensei-227g;59003;Кофе Bushido Sensei в зернах, 227г;699;449;BUSHIDO
2024-10-16T23:16:00Z;https://online.metro-cc.ru/products/20x145g-kofejnyj-napitok-nescafe-3v1-krepkij;133725;Напиток кофейный Нескафе Крепкий 3в1 20 пакетиков, 290г;298;269;НЕСКАФЕ
2024-10-16T23:16:06Z;https://online.metro-cc.ru/products/1kg-kofe-coffesso-massimo-zerno;241733;Кофе Coffesso Massimo зерновой, 1кг;1779;1419;COFFESSO
2024-10-16T23:16:10Z;https://online.metro-cc.ru/products/5shth10g-kofe-coffesso-colombia-tinto-molotyy-drip-paket;241741;Кофе Coffesso Colombia Tinto 5 дрип-пакетов с молотым кофе, 50г;237;199;COFFESSO
2024-10-16T23:16:13Z;https://online.metro-cc.ru/products/kofe-alta-roma-vero-v-zernakh-1kg;226465;Кофе Alta Roma Vero в зернах, 1кг;1599;1299;ALTA ROMA
2024-10-16T23:16:16Z;https://online.metro-cc.ru/products/250g-kofe-mehmet-efendi-po-turetski-molotyy;266109;Кофе Mehmet Efendi по-турецки молотый, 250г;809;649;MEHMET EFENDI
2024-10-16T23:16:19Z;https://online.metro-cc.ru/products/kofe-vergnano-granaroma-zernovoy-1kg;245947;Кофе Vergnano Granaroma зерновой, 1кг;3299;2599;VERGNANO
2024-10-16T23:16:22Z;https://online.metro-cc.ru/products/250g-kofe-chernaya-karta-molotyy-zharenyy;217498;Кофе Черная Карта молотый жареный, 250г;263;219;ЧЕРНАЯ КАРТА
2024-10-16T23:16:25Z;https://online.metro-cc.ru/products/nescafe-sublimirovannyj-gold-500g;604157;Кофе Нескафе Голд растворимый сублимированный, 500г;1549;1199;НЕСКАФЕ
2024-10-16T23:16:30Z;https://online.metro-cc.ru/products/rioba-dolce-gusto-grande-intenso-16sht;8359;RIOBA Кофе в капсулах Dolce Gusto Grande Intenso 16шт, 112г;509;409;RIOBA
2024-10-16T23:16:33Z;https://online.metro-cc.ru/products/230g-kofe-monarch-original-zharenyy-v-zyornah;236646;Кофе Monarch Original жареный в зернах, 230г;;389;MONARCH
2024-10-16T23:16:35Z;https://online.metro-cc.ru/products/rioba-v-zernah-naturalnyj-zharenyj-espresso-decaffeeinated-500g;609222;RIOBA Кофе Espresso Decaffeeinated в зернах без кофеина, 500г;;779;RIOBA
2024-10-16T23:16:38Z;https://online.metro-cc.ru/products/jardin-guatemala-atitlan-150g;459854;Кофе Jardin Guatemala Atitlan растворимый, 150г;669;369;JARDIN
2024-10-16T23:16:44Z;https://online.metro-cc.ru/products/1kg-kofe-coffesso-allure-zerno;241736;Кофе Coffesso Allure зерновой, 1кг;1539;1290;COFFESSO
2024-10-16T23:16:49Z;https://online.metro-cc.ru/products/fresco-naturalnyj-s-dobavleniem-naturalnogo-zharenogo-molotogo-arabica-doppio-100g;526503;Кофе Fresco Arabica Doppio молотый в растворимом, 100г;499;299;FRESCO
2024-10-16T23:16:51Z;https://online.metro-cc.ru/products/240g-kofe-jardin-gold-rastvorimyy;228234;Кофе Jardin Gold растворимый, 240г;719;549;JARDIN
2024-10-16T23:16:57Z;https://online.metro-cc.ru/products/1kg-kofe-lebo-classic-v-zernah;226341;Кофе Lebo Classic в зернах, 1кг;1929;1399;LEBO
2024-10-16T23:17:00Z;https://online.metro-cc.ru/products/fresco-arabica-solo-v-zernah-1000-g;59409;Кофе Fresco Arabica Solo в зернах, 1кг;1639;1299;FRESCO
2024-10-16T23:17:06Z;https://online.metro-cc.ru/products/egoiste-naturalnyj-zharenyj-v-zernah-noir-250g;508641;Кофе Egoiste Noir в зернах, 250г;529;489;EGOISTE
2024-10-16T23:17:09Z;https://online.metro-cc.ru/products/100g-kofe-maccoffee-arabica-rastvorimyy-stb;226509;Кофе MacCoffee Arabica растворимый, 100г;389;329;MACCOFFEE
2024-10-16T23:17:12Z;https://online.metro-cc.ru/products/aro-sublimirovannyj-80g-2-sht;302173;aro Кофе растворимый сублимированный, 80г x 2 шт;;368;ARO
2024-10-16T23:17:15Z;https://online.metro-cc.ru/products/kofeynyy-napitok-kopiko-3-v-1-classic-20sht-h-20g-400g;258018;Кофейный напиток Kopiko 3 в 1 Classic 20шт х 20г, 400г;285;259;KOPIKO
2024-10-16T23:17:20Z;https://online.metro-cc.ru/products/kofe-alta-roma-intenso-v-zernakh-1kg;531031;Кофе Alta Roma Intenso в зернах, 1кг;1779;1399;ALTA ROMA
2024-10-16T23:17:22Z;https://online.metro-cc.ru/products/art-508637;508637;Кофе Bushido Red Katana растворимый сублимированный, 100г;999;849;BUSHIDO
2024-10-16T23:17:25Z;https://online.metro-cc.ru/products/bushido-specialty-227g-75962;75962;Кофе Bushido Specialty в зернах, 227г;829;599;BUSHIDO
2024-10-16T23:17:27Z;https://online.metro-cc.ru/products/20x145g-kofejnyj-napitok-nescafe-3v1-myagkij;133726;Напиток кофейный Нескафе Мягкий 3в1 20 пакетиков, 290г;298;269;НЕСКАФЕ
2024-10-16T23:17:30Z;https://online.metro-cc.ru/products/art-18346;18346;Кофе Carte Noire Instinct растворимый, 95г x 6 шт;;5094;CARTE NOIRE
2024-10-16T23:17:33Z;https://online.metro-cc.ru/products/kofe-monarch-original-rastvorimyy-18g-x-30sht-54g;238553;Кофе Monarch Original растворимый (1.8г x 30шт), 54г;349;299;MONARCH
2024-10-16T23:17:36Z;https://online.metro-cc.ru/products/kofe-alta-roma-caffe-latte-v-zernakh-1kg;226466;Кофе Alta Roma Caffe Latte в зернах, 1кг;1359;1099;ALTA ROMA
2024-10-16T23:17:39Z;https://online.metro-cc.ru/products/rioba-dolce-gusto-americano-16sht;8352;RIOBA Кофе в капсулах Dolce Gusto Americano 16шт, 112г;509;409;RIOBA
2024-10-16T23:17:41Z;https://online.metro-cc.ru/products/75g-kofe-zhokey-imper-rastvorimyy;228243;Кофе Жокей Imperial растворимый, 75г;229;189;ЖОКЕЙ
2024-10-16T23:17:44Z;https://online.metro-cc.ru/products/kofe-fresco-arabica-blend-molotyy-250g;227973;Кофе Fresco Arabica blend молотый, 250г;389;349;FRESCO
2024-10-16T23:17:47Z;https://online.metro-cc.ru/products/5shth9g-kofe-coffesso-classico-molotyy-drip-paket;241737;Кофе Coffesso Classico молотый 5 дрип-пакетов с молотым кофе, 45г;202;169;COFFESSO
2024-10-16T23:17:53Z;https://online.metro-cc.ru/products/190g-kofe-monarch-original-rastvorimyy-st;224737;Кофе Monarch Original растворимый, 190г;739;599;MONARCH
2024-10-16T23:17:58Z;https://online.metro-cc.ru/products/v-zernah-julius-meinl-espresso-premium-kollekciya-1000g;654819;Кофе Julius Meinl Espresso Premium Collection в зернах, 1кг;2649;1799;JULIUS MEINL
2024-10-16T23:18:04Z;https://online.metro-cc.ru/products/art-426443;426443;Кофе Carte Noire Original растворимый сублимированный, 75г;609;469;CARTE NOIRE
2024-10-16T23:18:07Z;https://online.metro-cc.ru/products/v-zernah-carraro-arabica-100-500-g;112990;Кофе Carraro Arabica 100% в зернах, 500г;1789;1349;CARRARO
2024-10-16T23:18:09Z;https://online.metro-cc.ru/products/kofe-poetti-soul-of-rome-naturalnyy-zharenyy-v-zernah-800g;257965;Кофе Poetti Soul of Rome натуральный жареный в зернах, 800г;1759;1299;POETTI
2024-10-16T23:18:12Z;https://online.metro-cc.ru/products/100g-kofe-maccoffee-gold-rastvorimyy-stb;226505;Кофе MacCoffee Gold растворимый, 100г;296;269;MACCOFFEE
2024-10-16T23:18:18Z;https://online.metro-cc.ru/products/art-59002;59002;Кофе Bushido Sensei молотый, 227г;699;449;BUSHIDO
2024-10-16T23:18:24Z;https://online.metro-cc.ru/products/fresco-naturalnyj-arabica-blend-100g;423210;Кофе Fresco Arabica Blend натуральный растворимый, 100г;499;299;FRESCO
2024-10-16T23:18:27Z;https://online.metro-cc.ru/products/v-zernah-caffe-carraro-crema-italiano-1-kg;107073;Кофе Carraro Crema Italiano в зернах, 1кг;2169;1849;CARRARO
2024-10-16T23:18:29Z;https://online.metro-cc.ru/products/1kg-kofe-poetti-daily-mokka-v-zernah;218718;Кофе Poetti Daily Mokka в зернах, 1кг;1679;1099;POETTI
2024-10-16T23:18:32Z;https://online.metro-cc.ru/products/kofe-kaffa-fresco-bogota-rastvorimyy-sublimirovannyy-100g;249902;Кофе Kaffa Fresco Bogota растворимый сублимированный, 100г;1529;999;FRESCO
2024-10-16T23:18:35Z;https://online.metro-cc.ru/products/art-59004;59004;Кофе Bushido Red Katana молотый, 227г;699;449;BUSHIDO
2024-10-16T23:18:38Z;https://online.metro-cc.ru/products/100g-lebo-classic-dlya-turki;125674;Кофе Lebo Classic молотый для турки, 100г;158;139;LEBO
2024-10-16T23:18:41Z;https://online.metro-cc.ru/products/kofe-egoiste-captain-molotyy-250g;246513;Кофе Egoiste Captain молотый, 250г;1049;469;EGOISTE
2024-10-16T23:18:44Z;https://online.metro-cc.ru/products/kofe-zhivoy-kofe-espresso-12-kapsul-72g;245942;Кофе Живой кофе Эспрессо 12 капсул, 72г;609;389;ЖИВОЙ КОФЕ
2024-10-16T23:18:48Z;https://online.metro-cc.ru/products/nescafe-gold-v-rastvorimom-barista-85g;495117;Кофе Нескафе Голд Бариста растворимый, 85г;399;319;НЕСКАФЕ
2024-10-16T23:18:51Z;https://online.metro-cc.ru/products/800g-zhivoy-kofe-rio-rio-braziliya-zerno;243161;Кофе Живой кофе Rio-Rio Бразилия зерновой, 800г;2399;1299;ЖИВОЙ КОФЕ
2024-10-16T23:18:53Z;https://online.metro-cc.ru/products/16shth8g-kofe-absolut-amerikano-kapsuly-dg;223096;Кофе в капсулах Absolut Drive Americano Original для кофемашин Dolce Gusto 16шт, 128г;519;469;ABSOLUT
2024-10-16T23:18:58Z;https://online.metro-cc.ru/products/10shtx55g-kofe-carraro-v-alyum-kapsulah-ristretto;221904;Кофе в капсулах Carraro Ristretto для кофемашин Nespresso 10шт, 55г;729;419;CARRARO
2024-10-16T23:19:04Z;https://online.metro-cc.ru/products/coffesso-nabor-v-kapsulah-50-sht-h-5-g;72533;Набор кофе в капсулах Coffesso для кофемашин Nespresso ассорти 50шт, 250г;1679;1099;COFFESSO
2024-10-16T23:19:07Z;https://online.metro-cc.ru/products/1kg-kofe-fort-zerno;228811;Кофе Fort в зернах, 1кг;1049;949;FORT
2024-10-16T23:19:11Z;https://online.metro-cc.ru/products/280g-kofe-zhokey-triumf-rastvorimyy;228240;Кофе Жокей Триумф растворимый, 280г;869;639;ЖОКЕЙ
2024-10-16T23:19:13Z;https://online.metro-cc.ru/products/200g-kofe-monarch-gold-arabica-zharenyy-molotyy;252936;Кофе Monarch Gold Arabica жареный молотый, 200г;519;389;MONARCH
2024-10-16T23:19:16Z;https://online.metro-cc.ru/products/art-75973;75973;Кофе Bushido Specialty молотый, 227г;829;599;BUSHIDO
2024-10-16T23:19:18Z;https://online.metro-cc.ru/products/1kg-kofe-alta-roma-blend-1-zernovoy;246066;Кофе Alta Roma Blend №1, 1кг;1569;1399;ALTA ROMA
2024-10-16T23:19:22Z;https://online.metro-cc.ru/products/egoiste-sublimirovannyj-noir-100g;598959;Кофе Egoiste Noir растворимый сублимированный, 100г;729;469;EGOISTE
2024-10-16T23:19:24Z;https://online.metro-cc.ru/products/95g-kofe-zhokey-favorit-rastvorimyy-stb;228244;Кофе Жокей Фаворит растворимый, 95г;299;229;ЖОКЕЙ
2024-10-16T23:19:27Z;https://online.metro-cc.ru/products/kofe-fresco-arabica-barista-v-zernah-1kg;249900;Кофе Fresco Arabica Barista в зернах, 1кг;1389;1149;FRESCO
2024-10-16T23:19:29Z;https://online.metro-cc.ru/products/v-zernah-illy-guatemala-zh-b-250-g;59570;Кофе Illy Guatemala arabica selection в зернах, 250г;1649;1099;ILLY
2024-10-16T23:19:33Z;https://online.metro-cc.ru/products/v-zernah-lavazza-naturalnyj-zharenyj-qualita-oro-1kg;427833;Кофе Lavazza Qualita Oro натуральный жареный в зернах, 1кг;;2389;LAVAZZA
2024-10-16T23:19:36Z;https://online.metro-cc.ru/products/kofe-coffesso-allure-molotyy-250g;249894;Кофе Coffesso Allure молотый, 250г;429;349;COFFESSO
2024-10-16T23:19:38Z;https://online.metro-cc.ru/products/v-zernah-illy-srednej-obzharki-250g;611606;Кофе Illy средней обжарки в зернах, 250г;1649;1099;ILLY
2024-10-16T23:19:42Z;https://online.metro-cc.ru/products/fresco-arabika-100g;439335;Кофе Fresco Arabica Solo растворимый, 100г;499;299;FRESCO
2024-10-16T23:19:44Z;https://online.metro-cc.ru/products/lor-espresso-52-g;637205;Кофе в капсулах L’or Espresso Splendente для кофемашин Nespresso 10шт, 52г;399;379;L'OR
2024-10-16T23:19:47Z;https://online.metro-cc.ru/products/kofe-monarch-original-rastvorimyy-500g;230303;Кофе Monarch Original растворимый, 500г;1799;1299;MONARCH
2024-10-16T23:19:49Z;https://online.metro-cc.ru/products/100g-kofe-darte-light-rastvorimyy;232899;Кофе D'Arte Light растворимый, 100г;469;399;D'ARTE
2024-10-16T23:19:52Z;https://online.metro-cc.ru/products/moskovskaya-kofejnya-na-payah-sublimirovannyj-arabika-95g;226399;Кофе Московская кофейня на паяхъ Арабика растворимый сублимированный, 95г;;559;МОСКОВСКАЯ КОФЕЙНЯ НА ПАЯХЪ
2024-10-16T23:19:55Z;https://online.metro-cc.ru/products/475g-kofe-monarch-original-rastvorimyy-st;224738;Кофе Monarch Original растворимый, 47.5г;241;189;MONARCH
2024-10-16T23:19:58Z;https://online.metro-cc.ru/products/rioba-kofe-v-kapsulah-dolce-gusto-espresso-16sht-112g-h-3-sht;243172;RIOBA Кофе в капсулах Dolce Gusto Espresso 16шт, 112г х 3 шт;;1527;RIOBA
2024-10-16T23:20:04Z;https://online.metro-cc.ru/products/5shth10g-kofe-coffesso-brazil-alto-molotyy-drip-paket;241739;Кофе Coffesso Brazil Alto 5 дрип-пакетов с молотым кофе, 50г;237;199;COFFESSO
2024-10-16T23:20:10Z;https://online.metro-cc.ru/products/kofe-bushido-sensei-zernovoy-1kg;246502;Кофе Bushido Sensei зерновой, 1кг;2699;1899;BUSHIDO
2024-10-16T23:20:12Z;https://online.metro-cc.ru/products/julius-meinl-espresso-trend-1kg;654817;Кофе Julius Meinl Trend Collection Espresso Classico в зернах, 1кг;2299;1499;JULIUS MEINL
2024-10-16T23:20:15Z;https://online.metro-cc.ru/products/jardin-almericano-crema-naturalnyj-zharenyj-250g;615407;Кофе Jardin Americano Crema натуральный жареный молотый, 250г;419;339;JARDIN
2024-10-16T23:20:18Z;https://online.metro-cc.ru/products/l-rsquoor-ristretto-52-g;637202;Кофе в капсулах L’or Espresso Ristretto для кофемашин Nespresso 10шт, 52г;399;379;L'OR
2024-10-16T23:20:26Z;https://online.metro-cc.ru/products/julius-meinl-lungo-classico-10-56g;100813;Кофе в капсулах Julius Meinl Lungo Classico Bio для кофемашин Nespresso 10шт, 56г;689;449;JULIUS MEINL
2024-10-16T23:20:29Z;https://online.metro-cc.ru/products/jardin-kenya-kilimanjaro-sublimirovannyj-150g;599071;Кофе Jardin Kenya Kilimanjaro растворимый сублимированный, 150г;669;369;JARDIN
2024-10-16T23:20:31Z;https://online.metro-cc.ru/products/250-kofe-chernaya-karta-molotyy-dlya-turki;227302;Кофе Черная Карта молотый для турки, 250г;449;229;ЧЕРНАЯ КАРТА
2024-10-16T23:20:34Z;https://online.metro-cc.ru/products/kofe-monarch-original-rastvorimyy-130g;229730;Кофе Monarch Original растворимый, 130г;679;449;MONARCH
2024-10-16T23:20:37Z;https://online.metro-cc.ru/products/art-50642;50642;Кофе Жокей Caffe Italiano молотый, 250г;349;279;ЖОКЕЙ
2024-10-16T23:20:39Z;https://online.metro-cc.ru/products/1kg-kofe-poetti-daily-arabica-v-zernah;218720;Кофе Poetti Daily Arabica в зернах, 1кг;1929;1349;POETTI
2024-10-16T23:20:45Z;https://online.metro-cc.ru/products/bushido-kodo-rastvorimyj-95g;31887;Кофе Bushido Kodo растворимый, 95г x 9 шт;8991;5661;BUSHIDO
2024-10-16T23:20:48Z;https://online.metro-cc.ru/products/16shth8g-kofe-coffesso-americano-gold-kapsuly;241845;Кофе в капсулах Coffesso Americano Gold для кофемашин Dolce Gusto 16шт, 128г;619;499;COFFESSO
2024-10-16T23:20:52Z;https://online.metro-cc.ru/products/egoiste-noir-zernovoj-250g;616877;Кофе Egoiste Noir в зернах, 250г x 12 шт;;6348;EGOISTE
2024-10-16T23:20:54Z;https://online.metro-cc.ru/products/95g-kofe-ambassador-platinum-rastvorimyy-stb;256635;Кофе Ambassador Platinum растворимый, 95г;469;279;AMBASSADOR
2024-10-16T23:20:57Z;https://online.metro-cc.ru/products/10shtx55g-kofe-carraro-v-alyum-kapsulah-intenso;221903;Кофе в капсулах Carraro Intenso для кофемашин Nespresso 10шт, 55г;729;419;CARRARO
2024-10-16T23:21:00Z;https://online.metro-cc.ru/products/rioba-v-zernah-naturalnyj-zharenyj-silver-1kg;287770;RIOBA Кофе в зернах натуральный жареный Silver, 1кг;1319;1019;RIOBA
2024-10-16T23:21:07Z;https://online.metro-cc.ru/products/illy-temnaya-obzharka-250g;611603;Кофе Illy темная обжарка молотый, 250г;1599;1099;ILLY
2024-10-16T23:21:11Z;https://online.metro-cc.ru/products/ambassador-gold-label-v-zernah-1000g;102232;Кофе Ambassador Gold Label в зернах, 1кг;1929;999;AMBASSADOR
2024-10-16T23:21:14Z;https://online.metro-cc.ru/products/kofe-zhivoy-kofe-mokka-molotyy-200g;246091;Кофе Живой кофе мокка молотый, 200г;619;329;ЖИВОЙ КОФЕ
2024-10-16T23:21:20Z;https://online.metro-cc.ru/products/190g-kofe-nescafe-classic-crema-rastvorimyy-st-banka;218639;Кофе Нескафе Крема растворимый, 190г;469;389;НЕСКАФЕ
2024-10-16T23:21:22Z;https://online.metro-cc.ru/products/illy-srednej-obzharki-250g;611605;Кофе Illy средней обжарки молотый, 250г;1629;1099;ILLY
2024-10-16T23:21:25Z;https://online.metro-cc.ru/products/kimbo-dolche-krem-1kg;658721;Кофе Kimbo Caffe crema classico light в зернах, 1кг;2319;1499;KIMBO
2024-10-16T23:21:29Z;https://online.metro-cc.ru/products/200g-zhivoy-kofe-rio-rio-molotyy;246092;Кофе Живой кофе Rio-Rio молотый, 200г;619;329;ЖИВОЙ КОФЕ
2024-10-16T23:21:31Z;https://online.metro-cc.ru/products/kofe-fresco-arabica-solo-rastvorimyy-190g;227972;Кофе Fresco Arabica Solo растворимый, 190г;699;499;FRESCO
2024-10-16T23:21:34Z;https://online.metro-cc.ru/products/800g-zhivoy-kofe-mokka-afrika-zerno;243162;Кофе Живой кофе Mokka Африка зерновой, 800г;2399;1299;ЖИВОЙ КОФЕ
2024-10-16T23:21:36Z;https://online.metro-cc.ru/products/250g-kofe-lebo-classic-v-zernah;226343;Кофе Lebo Classic в зернах, 250г;569;379;LEBO
2024-10-16T23:21:41Z;https://online.metro-cc.ru/products/10h5g-jardin-ristretto;119139;Кофе в капсулах Jardin Ristretto Intense&Full Bodied для кофемашин Nespresso 10шт, 50г;299;279;JARDIN
2024-10-16T23:21:44Z;https://online.metro-cc.ru/products/rioba-dlya-kofemashin-forte-10x5g-120486;120486;RIOBA Кофе в капсулах Forte для кофемашин Nespresso 11шт, 55г x 10 шт;;2730;RIOBA
2024-10-16T23:21:48Z;https://online.metro-cc.ru/products/kofe-nescafe-gold-crema-rastvorimyy-170g;255676;Кофе Нескафе Gold Crema растворимый, 170г;589;469;НЕСКАФЕ
2024-10-16T23:21:51Z;https://online.metro-cc.ru/products/8shth65g8shth15g-kofe-lebo-cappuccino-v-kapsulah;226345;Кофе в капсулах Lebo Cappuccino для кофемашин Dolce Gusto 16шт, 172г;1019;599;LEBO
2024-10-16T23:21:54Z;https://online.metro-cc.ru/products/1kg-kofe-coferium-white-roast-v-zernah;219222;Кофе Coferium White roast в зернах, 1кг;2099;1249;COFERIUM
2024-10-16T23:21:56Z;https://online.metro-cc.ru/products/120g-kofe-monarch-miligrano-rastv-c-dob-molotogo;224739;Кофе Monarch Milligrano растворимый с добавлением молотого, 120г;459;369;MONARCH
2024-10-16T23:21:59Z;https://online.metro-cc.ru/products/10shth52g-kofe-carte-noire-colombia-origin-v-kapsulah;226333;Кофе в капсулах Carte Noire Colombia Origin для кофемашин Nespresso 10шт, 52г;499;399;CARTE NOIRE
2024-10-16T23:22:04Z;https://online.metro-cc.ru/products/kofe-monarch-original-rastvorimyy-210g;230302;Кофе Monarch Original растворимый, 210г;619;599;MONARCH
2024-10-16T23:22:06Z;https://online.metro-cc.ru/products/40shth55g-kofe-lebo-espresso-crema-banka;221909;Кофе в капсулах Lebo Espresso Crema для кофемашин Nespresso 40 шт, 220г;1719;1299;LEBO
2024-10-16T23:22:09Z;https://online.metro-cc.ru/products/40shth55g-kofe-lebo-espresso-collection-banka;221908;Кофе в капсулах Lebo Espresso Collection для кофемашин Nespresso 40шт, 220г;1639;1299;LEBO
2024-10-16T23:22:11Z;https://online.metro-cc.ru/products/kofe-monarch-milligrano-rastvorimyy-s-molotym-200g;230306;Кофе Monarch Milligrano растворимый с молотым, 200г;829;599;MONARCH
2024-10-16T23:22:14Z;https://online.metro-cc.ru/products/bushido-v-kristallah-kodo-95g;598958;Кофе Bushido Kodo растворимый, 95г;999;699;BUSHIDO
2024-10-16T23:22:17Z;https://online.metro-cc.ru/products/100g-kofe-bushido-light-katana-rastvorimyy;209740;Кофе Bushido Light Katana растворимый, 100г;999;849;BUSHIDO
2024-10-16T23:22:20Z;https://online.metro-cc.ru/products/moskovskaya-kofejnya-na-payah-sublimirovannyj-suare-95g;226397;Кофе Московская кофейня на паяхъ Суаре растворимый сублимированный, 95г;;449;МОСКОВСКАЯ КОФЕЙНЯ НА ПАЯХЪ
2024-10-16T23:22:23Z;https://online.metro-cc.ru/products/100shth2g-kofe-zhokey-triumf-rastvorimyy;232413;Кофе Жокей триумф растворимый (2г x 100шт), 200г;;859;ЖОКЕЙ
2024-10-16T23:22:27Z;https://online.metro-cc.ru/products/nescafe-classic-crema-95-g;551849;Кофе Нескафе Крема растворимый, 95г;275;229;НЕСКАФЕ
2024-10-16T23:22:30Z;https://online.metro-cc.ru/products/rioba-kofe-v-kapsulah-dolce-gusto-grande-intenso-16sht-112g-h-3-sht;243173;RIOBA Кофе в капсулах Dolce Gusto Grande Intenso 16шт, 112г х 3 шт;;1527;RIOBA
2024-10-16T23:22:33Z;https://online.metro-cc.ru/products/kofe-v-kapsulah-coffesso-classico-italiano-dlya-kofemashin-nespresso-10sht-50g;249929;Кофе в капсулах Coffesso Classico Italiano для кофемашин Nespresso 10шт, 50г;529;249;COFFESSO
2024-10-16T23:22:37Z;https://online.metro-cc.ru/products/1kg-kofe-julius-meinl-espresso-deluxe-zerno;220012;Кофе Julius Meinl Espresso Deluxe в зернах, 1кг;3149;1999;JULIUS MEINL
2024-10-16T23:22:41Z;https://online.metro-cc.ru/products/chernaya-karta-sublimirovannyj-brasilia-exclusive-95g;469154;Кофе Черная Карта Brasilia Exclusive растворимый сублимированный, 95г;389;259;ЧЕРНАЯ КАРТА
2024-10-16T23:22:43Z;https://online.metro-cc.ru/products/kofe-zhivoy-kofe-arabika-molotyy-200g;245941;Кофе Живой кофе арабика молотый, 200г;389;269;ЖИВОЙ КОФЕ
2024-10-16T23:22:46Z;https://online.metro-cc.ru/products/jardin-americano-crema-1000-g;561302;Кофе Jardin Americano Crema в зернах, 1кг;1889;1199;JARDIN
2024-10-16T23:22:51Z;https://online.metro-cc.ru/products/200g-lebo-classic-dlya-turki;125676;Кофе Lebo Classic молотый для турки, 200г;399;269;LEBO
2024-10-16T23:22:54Z;https://online.metro-cc.ru/products/kimbo-v-zernah-naturalnyj-zharenyj-superior-blend-1kg;376496;Кофе Kimbo Superior Blend натуральный жареный в зернах, 1кг;2299;1899;KIMBO
2024-10-16T23:22:56Z;https://online.metro-cc.ru/products/julius-meinl-krema-premium-1kg;654818;Кофе Julius Meinl Сaffe Crema Premium Collection в зернах, 1кг;2489;1699;JULIUS MEINL
2024-10-16T23:22:59Z;https://online.metro-cc.ru/products/1kg-kofe-julius-meinl-cafe-crema-gourmet-zerno;220013;Кофе Julius Meinl Cafe Crema Gourmet в зернах, 1кг;2649;1499;JULIUS MEINL
2024-10-16T23:23:04Z;https://online.metro-cc.ru/products/zhokej-favorit-granulirovannyj150-g;616531;Кофе Жокей Фаворит растворимый гранулированный, 75г;293;189;ЖОКЕЙ
2024-10-16T23:23:07Z;https://online.metro-cc.ru/products/lavazza-v-zernah-naturalnyj-zharenyj-crema-e-aroma-1kg;586897;Кофе Lavazza Crema e Aroma натуральный жареный в зернах, 1кг;2319;2099;LAVAZZA
2024-10-16T23:23:10Z;https://online.metro-cc.ru/products/75g-kofe-jardin-keniya-kilimandzharo-rastvorimyy;228237;Кофе Jardin Kenya Kilimanjaro растворимый, 75г;329;199;JARDIN
2024-10-16T23:23:13Z;https://online.metro-cc.ru/products/jardin-naturalnyj-zharenyj-dessert-sup-250g;373043;Кофе Jardin Dessert Сup молотый натуральный жареный, 250г;369;339;JARDIN
2024-10-16T23:23:17Z;https://online.metro-cc.ru/products/kofe-v-kapsulah-coffesso-crema-delicato-dlya-kofemashin-nespresso-10sht-50g;249930;Кофе в капсулах Coffesso Crema Delicato для кофемашин Nespresso 10шт, 50г;529;249;COFFESSO
2024-10-16T23:23:20Z;https://online.metro-cc.ru/products/75g-kofe-zhokey-triumf-rastvorimyy;228241;Кофе Жокей Триумф растворимый, 75г;241;189;ЖОКЕЙ
2024-10-16T23:23:23Z;https://online.metro-cc.ru/products/20shth15g-kofe-monarch-kapuchino-rastvorimyy;248730;Кофе Monarch капучино растворимый (15г x 20шт), 300г;829;499;MONARCH
2024-10-16T23:23:26Z;https://online.metro-cc.ru/products/egoiste-sublimirovannnyj-s-molotym-special-100g;407891;Кофе Egoiste Special растворимый сублимированный с молотым, 100г;849;689;EGOISTE
2024-10-16T23:23:30Z;https://online.metro-cc.ru/products/kofe-verle-classic-decaf-v-kapsulah-55g-x-10sht-55g;228441;Кофе в капсулах Verle Classic Decaf для кофемашин Nespresso 10шт, 55г;;389;VERLE
2024-10-16T23:23:34Z;https://online.metro-cc.ru/products/egoiste-naturalnyj-zharenyj-250g;508640;Кофе Egoiste Noir молотый, 250г;529;489;EGOISTE
2024-10-16T23:23:37Z;https://online.metro-cc.ru/products/zhokej-triumf-95g;420359;Кофе Жокей Триумф растворимый сублимированный, 95г;349;259;ЖОКЕЙ
2024-10-16T23:23:39Z;https://online.metro-cc.ru/products/95g-kofe-monarch-gold-rastvorimyy-st;224714;Кофе Monarch Gold растворимый, 95г;399;359;MONARCH
2024-10-16T23:23:43Z;https://online.metro-cc.ru/products/nescafe-sublimirovannyj-gold-190g;8415;Кофе Нескафе Голд растворимый, 190г;639;519;НЕСКАФЕ
2024-10-16T23:23:46Z;https://online.metro-cc.ru/products/kofe-v-zernah-egoiste-tryufel-krema-1kg;112993;Кофе Egoiste трюфель крема в зернах, 1кг;2319;1699;EGOISTE
2024-10-16T23:23:48Z;https://online.metro-cc.ru/products/kofe-egoiste-truffle-zernovoy-250g;246518;Кофе Egoiste Truffle зерновой, 250г;719;429;EGOISTE
2024-10-16T23:23:52Z;https://online.metro-cc.ru/products/egoiste-noir-70g;59006;Кофе Egoiste Noir растворимый, 70г;449;329;EGOISTE
2024-10-16T23:23:55Z;https://online.metro-cc.ru/products/95g-kofe-chernaya-karta-gold-rastvorimyy-stb;256639;Кофе Черная Карта растворимый, 95г;449;269;ЧЕРНАЯ КАРТА
2024-10-16T23:23:58Z;https://online.metro-cc.ru/products/bushido-sublimirovannyj-black-katana-100g;528358;Кофе Bushido Black Katana растворимый, 100г;1069;899;BUSHIDO
2024-10-16T23:24:04Z;https://online.metro-cc.ru/products/julius-meinl-prezident-1000g;62828;Кофе Julius Meinl Президент классическая коллекция в зернах, 1кг;2349;1499;JULIUS MEINL
2024-10-16T23:24:07Z;https://online.metro-cc.ru/products/100g-kofe-darte-original-rastvorimyy;232898;Кофе D'Arte Original растворимый, 100г;469;399;D'ARTE
2024-10-16T23:24:10Z;https://online.metro-cc.ru/products/800g-kofe-nescafe-gold-aroma-intenso-rastvorimyy-sublim;259882;Кофе Нескафе Gold Aroma Intenso растворимый сублимированный с добавлением натурального жареного молотого кофе, 800г;2519;1799;НЕСКАФЕ
2024-10-16T23:24:12Z;https://online.metro-cc.ru/products/kofe-egoiste-voyage-molotyy-250g;246516;Кофе Egoiste Voyage молотый, 250г;969;469;EGOISTE
2024-10-16T23:24:14Z;https://online.metro-cc.ru/products/1kg-kofe-coferium-strong-v-zernah;219223;Кофе Coferium Strong в зернах, 1кг;1469;1099;COFERIUM
2024-10-16T23:24:17Z;https://online.metro-cc.ru/products/kimbo-integrity-bio-1-kg;60434;Кофе Kimbo Integrity Bio в зернах, 1кг;;2899;KIMBO
2024-10-16T23:24:19Z;https://online.metro-cc.ru/products/kofe-vergnano-espresso-zernovoy-1kg;245946;Кофе Vergnano Эспрессо зерновой, 1кг;3299;2599;VERGNANO
2024-10-16T23:24:23Z;https://online.metro-cc.ru/products/230g-kofe-monarch-brazilian-selection-molotyy;231667;Кофе Monarch Brazilian Selection молотый, 230г;399;389;MONARCH
2024-10-16T23:24:26Z;https://online.metro-cc.ru/products/kofe-illy-bez-kofeina-molotyy-250g;230025;Кофе Illy без кофеина молотый, 250г;1679;1099;ILLY
2024-10-16T23:24:28Z;https://online.metro-cc.ru/products/kofe-fresco-arabica-blend-rastvorimyy-190g;227971;Кофе Fresco Arabica blend растворимый, 190г;699;499;FRESCO
2024-10-16T23:24:31Z;https://online.metro-cc.ru/products/90g-kofe-carte-noire-voyage-au-bresil-rastvorimyy-stb;226347;Кофе Carte Noire Voyage au Bresil растворимый, 90г;849;499;CARTE NOIRE
2024-10-16T23:24:34Z;https://online.metro-cc.ru/products/sublimirovannyj-aro-80g;147698;aro Кофе растворимый сублимированный, 80г;;184;ARO
2024-10-16T23:24:36Z;https://online.metro-cc.ru/products/1kg-kofe-alta-roma-blend-3-zernovoy;246067;Кофе Alta Roma Blend №3, 1кг;1689;1499;ALTA ROMA
2024-10-16T23:24:38Z;https://online.metro-cc.ru/products/1kg-kofe-fresco-horeca-arabica-zerno;228778;Кофе Fresco Horeca arabica в зернах, 1кг;1999;1299;FRESCO
2024-10-16T23:24:41Z;https://online.metro-cc.ru/products/v-zernah-egoiste-noir-100-arabika-1kg;31895;Кофе Egoiste Arabica Premium натуральный жареный в зернах, 1кг x 4 шт;9196;5996;EGOISTE
2024-10-16T23:24:43Z;https://online.metro-cc.ru/products/rioba-dlya-kofemashin-forte-11x5g;530967;RIOBA Кофе в капсулах Forte для кофемашин Nespresso 11шт, 55г;273;229;RIOBA
2024-10-16T23:24:46Z;https://online.metro-cc.ru/products/6shth11g-kofe-verle-africa-v-drip-paketah;228420;Кофе Verle Africa 6 дрип-пакетов с молотым кофе, 66г;;449;VERLE
2024-10-16T23:24:48Z;https://online.metro-cc.ru/products/jardin-dessert-capuccino-1000g;101496;Кофе Jardin Dessert Capuccino в зернах, 1кг;2119;1199;JARDIN
2024-10-16T23:24:51Z;https://online.metro-cc.ru/products/art-59005;59005;Кофе Bushido Red Katana в зернах, 227г;699;449;BUSHIDO
2024-10-16T23:24:53Z;https://online.metro-cc.ru/products/95g-kofe-jardin-gold-rastvorimyy-stb;228236;Кофе Jardin Gold растворимый, 95г;296;269;JARDIN
2024-10-16T23:24:57Z;https://online.metro-cc.ru/products/zhokej-imperial-150g;534998;Кофе Жокей Империал натуральный растворимый сублимированный, 150г;339;329;ЖОКЕЙ
2024-10-16T23:25:00Z;https://online.metro-cc.ru/products/egoiste-noir-250g;616876;Кофе Egoiste Noir молотый, 250г x 12 шт;;6348;EGOISTE
2024-10-16T23:25:07Z;https://online.metro-cc.ru/products/1kg-kofe-poetti-professional-aroma-vending-zernovoy;247918;Кофе Poetti Professional Aroma Vending зерновой, 1кг;1639;1099;POETTI
2024-10-16T23:25:10Z;https://online.metro-cc.ru/products/6shth11g-kofe-verle-decaf-v-drip-paketah;228421;Кофе Verle без кофеина 6 дрип-пакетов кофе из Гватемалы, 66г;;459;VERLE
2024-10-16T23:25:13Z;https://online.metro-cc.ru/products/illy-arabika-selekshen-efiopiya-250-g;59575;Кофе Illy Etiopia arabica selection в зернах, 250г;1649;1099;ILLY
2024-10-16T23:25:17Z;https://online.metro-cc.ru/products/julius-meinl-v-zernah-naturalnyj-zharenyj-jubileum-500g;384608;Кофе Julius Meinl Юбилейный в зернах, 500г;829;799;JULIUS MEINL
2024-10-16T23:25:19Z;https://online.metro-cc.ru/products/carte-noire-privilege-sublimirovannyj-95-g;666412;Кофе Carte Noire Privilege сублимированный, 95г;889;499;CARTE NOIRE
2024-10-16T23:25:23Z;https://online.metro-cc.ru/products/art-599055;599055;Кофе Жокей Импер растворимый, 95г;349;259;ЖОКЕЙ
2024-10-16T23:25:28Z;https://online.metro-cc.ru/products/carte-noire-sublimirovannyj-original-190g;75654;Кофе Carte Noire Original растворимый сублимированный, 190г;1189;999;CARTE NOIRE
2024-10-16T23:25:30Z;https://online.metro-cc.ru/products/1kg-kofe-carraro-caffe-crema-v-zernah;226933;Кофе Carraro Cafe crema в зернах, 1кг;1999;1899;CARRARO
2024-10-16T23:25:35Z;https://online.metro-cc.ru/products/250g-kofe-chernaya-karta-zerno;634928;Кофе Черная Карта в зернах, 250г;262;219;ЧЕРНАЯ КАРТА
2024-10-16T23:25:38Z;https://online.metro-cc.ru/products/10shtx55g-kofe-carraro-v-alyum-kapsulah-decerato;221905;Кофе в капсулах Carraro Decerato для кофемашин Nespresso 10шт, 55г;729;419;CARRARO
2024-10-16T23:25:40Z;https://online.metro-cc.ru/products/8shth6g8shth17g-kofe-absolut-kapuchino-kapsuly-dg;223100;Кофе в капсулах Absolut Drive Cappuccino with milk для кофемашин Dolce Gusto 16шт, 184г;499;469;ABSOLUT
2024-10-16T23:25:43Z;https://online.metro-cc.ru/products/kofe-v-zernah-egoiste-grand-kryu-1kg;112992;Кофе Egoiste гранд крю в зернах, 1кг;3199;1999;EGOISTE
2024-10-16T23:25:46Z;https://online.metro-cc.ru/products/20shth24g-kofe-maccoffee-cappuccino-dolce-vita-portsionnyy;226524;Напиток кофейный MacCoffee Capuccino Dolce Vita порционный (24г x 20шт), 480г;409;339;MACCOFFEE
2024-10-16T23:25:48Z;https://online.metro-cc.ru/products/100g-lebo-extra-dlya-turki;125675;Кофе Lebo Classic Extra молотый для турки, 100г;156;139;LEBO
2024-10-16T23:25:51Z;https://online.metro-cc.ru/products/800g-kofe-monarch-brazilian-selection-zerno;231666;Кофе Monarch Brazilian Selection в зернах, 800г;1429;1249;MONARCH
2024-10-16T23:25:53Z;https://online.metro-cc.ru/products/fresco-blend-1000g;104561;Кофе Fresco Blend в зернах, 1кг;1639;1299;FRESCO
2024-10-16T23:25:56Z;https://online.metro-cc.ru/products/10h5g-jardin-andante;119138;Кофе в капсулах Jardin Andante Strong&Velvet для кофемашин Nespresso 10шт, 50г;299;279;JARDIN
2024-10-16T23:26:00Z;https://online.metro-cc.ru/products/jardin-v-zernah-naturalnyj-zharenyj-colombia-supremo-1kg;494570;Кофе Jardin Colombia Supremo натуральный жареный в зернах, 1кг;2199;1339;JARDIN
2024-10-16T23:26:06Z;https://online.metro-cc.ru/products/1kg-kofe-italco-espresso-italiano-v-zernah;226934;Кофе Italco Espresso Italiano в зернах, 1кг;;1799;ITALCO
2024-10-16T23:26:09Z;https://online.metro-cc.ru/products/art-373046;373046;Кофе Жокей По-восточному молотый натуральный жареный, 250г;;299;ЖОКЕЙ
2024-10-16T23:26:12Z;https://online.metro-cc.ru/products/kofe-kaffa-fresco-quindio-rastvorimyy-sublimirovannyy-100g;249903;Кофе Kaffa Fresco Quindio растворимый сублимированный, 100г;1529;999;FRESCO
2024-10-16T23:26:15Z;https://online.metro-cc.ru/products/rioba-dlya-kofemashin-intenso-11x5g;530969;RIOBA Кофе в капсулах Intenso для кофемашин Nespresso 11шт, 55г;273;219;RIOBA
2024-10-16T23:26:17Z;https://online.metro-cc.ru/products/nescafe-gold-rastvorimyj-130g-paket;33501;Кофе Нескафе Голд растворимый, 130г;509;399;НЕСКАФЕ
2024-10-16T23:26:20Z;https://online.metro-cc.ru/products/10h5g-jardin-vanillia;119136;Кофе в капсулах Jardin Vanillia Rich&Sweet для кофемашин Nespresso 10шт, 50г;299;279;JARDIN
2024-10-16T23:26:23Z;https://online.metro-cc.ru/products/kofe-alta-roma-caffe-latte-molotiy-250g;226467;Кофе Alta Roma Caffe Latte молотый, 250г;529;269;ALTA ROMA
2024-10-16T23:26:25Z;https://online.metro-cc.ru/products/95g-kofe-monarch-intense-rastvorimyy-st;224712;Кофе Monarch Intense растворимый, 95г;389;339;MONARCH
2024-10-16T23:26:28Z;https://online.metro-cc.ru/products/1kg-kofe-alta-roma-supremo-zerno;259875;Кофе Alta Roma Supremo зерновой, 1кг;2379;1599;ALTA ROMA
2024-10-16T23:26:30Z;https://online.metro-cc.ru/products/10h5g-jardin-allonge;119135;Кофе в капсулах Jardin Allonge Smooth&Silky для кофемашин Nespresso 10шт, 50г;299;279;JARDIN
2024-10-16T23:26:33Z;https://online.metro-cc.ru/products/rioba-v-zernah-naturalnyj-zharenyj-100-arabika-espresso-1kg;287768;RIOBA Кофе в зернах натуральный жареный 100% арабика Espresso, 1кг;1729;1599;RIOBA
2024-10-16T23:26:36Z;https://online.metro-cc.ru/products/napitok-kofeynyy-monarch-classic-3v1-rastvorimyy-135g-x-50sht-675g;238564;Напиток кофейный Monarch Classic 3в1 растворимый (13.5г x 50шт), 675г;699;599;MONARCH
2024-10-16T23:26:39Z;https://online.metro-cc.ru/products/1kg-kofe-italco-espresso-alpino-crema-oro-zerno;257437;Кофе Italco Espresso Alpino Crema Oro зерновой, 1кг;2849;2299;ITALCO
2024-10-16T23:26:41Z;https://online.metro-cc.ru/products/8shth55g8shth16g-kofe-coffesso-latte-macchiato-kapsuly;241842;Кофе в капсулах Coffesso Latte Macchiato для кофемашин Dolce Gusto 16шт, 172г;619;499;COFFESSO
2024-10-16T23:26:44Z;https://online.metro-cc.ru/products/1kg-kimbo-caffe-crema-dolce-medium;123862;Кофе Kimbo Caffe Crema Dolce Medium в зернах, 1кг;2419;1899;KIMBO
2024-10-16T23:26:47Z;https://online.metro-cc.ru/products/kofe-verle-classic-mousse-v-kapsulah-55g-x-10sht-55g;228440;Кофе в капсулах Verle Classic Mousse для кофемашин Nespresso 10шт, 55г;;349;VERLE
2024-10-16T23:26:49Z;https://online.metro-cc.ru/products/illy-arabika-250-g;59569;Кофе Illy Brazil arabica selection в зернах, 250г;1649;1099;ILLY
2024-10-16T23:26:52Z;https://online.metro-cc.ru/products/egoiste-double-espresso-100g;72873;Кофе Egoiste Double Espresso, 100г;719;459;EGOISTE
2024-10-16T23:26:54Z;https://online.metro-cc.ru/products/julius-meinl-v-zernah-naturalnyj-zharenyj-president-500g;395462;Кофе Julius Meinl Президент в зернах, 500г;799;749;JULIUS MEINL
2024-10-16T23:26:57Z;https://online.metro-cc.ru/products/aro-sublimirovannyj-900g;632120;aro Кофе растворимый сублимированный, 900г;;1749;ARO
2024-10-16T23:26:59Z;https://online.metro-cc.ru/products/ambassador-naturalnyj-zharenyj-platinum-1kg;599512;Кофе Ambassador Platinum в зернах, 1кг;1319;999;AMBASSADOR
2024-10-16T23:27:04Z;https://online.metro-cc.ru/products/16shth85g-kofe-lebo-americano-v-kapsulah;226344;Кофе в капсулах Lebo Americano для кофемашин Dolce Gusto 16шт, 136г;889;599;LEBO
2024-10-16T23:27:08Z;https://online.metro-cc.ru/products/16shth6g-kofe-absolut-espresso-kapsuly-dg;223097;Кофе в капсулах Absolut Drive Espresso Original для кофемашин Dolce Gusto16шт, 96г;499;469;ABSOLUT
2024-10-16T23:27:10Z;https://online.metro-cc.ru/products/art-44940;44940;Кофе Dallmayr Espresso d`Oro в зернах, 1кг;3149;1990;DALLMAYR
2024-10-16T23:27:13Z;https://online.metro-cc.ru/products/kofe-fresco-arabica-espresso-v-zernah-1kg;249899;Кофе Fresco Arabica Espresso в зернах, 1кг;2099;1249;FRESCO
2024-10-16T23:27:15Z;https://online.metro-cc.ru/products/jardin-bravo-braziliya-1kg;635596;Кофе Jardin Bravo Бразилия в зернах, 1кг;2749;1399;JARDIN
2024-10-16T23:27:18Z;https://online.metro-cc.ru/products/10shth52g-kofe-carte-noire-riche-espresso-v-kapsulah;226334;Кофе в капсулах Carte Noire Riche Espresso для кофемашин Nespresso 10шт, 52г;499;399;CARTE NOIRE
2024-10-16T23:27:20Z;https://online.metro-cc.ru/products/egoiste-platinum-100-g;528357;Кофе Egoiste Platinum, 100г;1159;799;EGOISTE
2024-10-16T23:27:23Z;https://online.metro-cc.ru/products/1kg-kofe-julius-meinl-espresso-gran-aroma-zerno;220015;Кофе Julius Meinl Espresso Gran Aroma в зернах, 1кг;2649;1499;JULIUS MEINL
2024-10-16T23:27:27Z;https://online.metro-cc.ru/products/190g-kofe-jardin-guatemala-atitlan-rastvorimyy-stb;232419;Кофе Jardin Guatemala Atitlan растворимый, 190г;769;499;JARDIN
2024-10-16T23:27:30Z;https://online.metro-cc.ru/products/nescafe-classic-paket-190g;70170;Кофе Нескафе Классик растворимый, 190г;419;329;НЕСКАФЕ
2024-10-16T23:27:32Z;https://online.metro-cc.ru/products/100g-kofe-lebo-original-zharenyy-v-zernah;215436;Кофе Lebo Classic Original жареный в зернах, 100г;197;149;LEBO
